case_id,scenario_id,action,critical_miss_baseline,critical_miss_fuzzyxai
hybrid_0001,hybrid_xiris,accept,1,0
hybrid_0002,hybrid_xiris,accept,1,0
hybrid_0003,hybrid_xiris,accept,1,0
hybrid_0004,hybrid_xiris,accept,1,0
hybrid_0005,hybrid_xiris,accept,1,0
hybrid_0006,hybrid_xiris,accept,1,0
hybrid_0007,hybrid_xiris,accept,1,0
hybrid_0008,hybrid_xiris,accept,1,0
hybrid_0009,hybrid_xiris,accept,1,0
hybrid_0010,hybrid_xiris,accept,1,0
hybrid_0011,hybrid_xiris,accept,1,0
hybrid_0012,hybrid_xiris,accept,1,0
hybrid_0013,hybrid_xiris,accept,1,0
hybrid_0014,hybrid_xiris,accept,1,0
hybrid_0015,hybrid_xiris,accept,1,0
hybrid_0016,hybrid_xiris,accept,1,0
hybrid_0017,hybrid_xiris,accept,1,0
hybrid_0018,hybrid_xiris,accept,1,0
hybrid_0019,hybrid_xiris,accept,1,0
hybrid_0020,hybrid_xiris,accept,1,0
hybrid_0021,hybrid_xiris,accept,1,0
hybrid_0022,hybrid_xiris,accept,1,0
hybrid_0023,hybrid_xiris,accept,1,0
hybrid_0024,hybrid_xiris,accept,1,0
hybrid_0025,hybrid_xiris,accept,1,0
hybrid_0026,hybrid_xiris,accept,1,0
hybrid_0027,hybrid_xiris,accept,1,0
hybrid_0028,hybrid_xiris,accept,1,0
hybrid_0029,hybrid_xiris,accept,1,0
hybrid_0030,hybrid_xiris,accept,1,0
hybrid_0031,hybrid_xiris,accept,1,0
hybrid_0032,hybrid_xiris,accept,1,0
hybrid_0033,hybrid_xiris,accept,1,0
hybrid_0034,hybrid_xiris,accept,1,0
hybrid_0035,hybrid_xiris,accept,1,0
hybrid_0036,hybrid_xiris,accept,1,0
hybrid_0037,hybrid_xiris,accept,1,0
hybrid_0038,hybrid_xiris,accept,1,0
hybrid_0039,hybrid_xiris,accept,1,0
hybrid_0040,hybrid_xiris,accept,1,0
hybrid_0041,hybrid_xiris,accept,1,0
hybrid_0042,hybrid_xiris,accept,1,0
hybrid_0043,hybrid_xiris,accept,1,0
hybrid_0044,hybrid_xiris,accept,1,0
hybrid_0045,hybrid_xiris,accept,1,0
hybrid_0046,hybrid_xiris,accept,1,0
hybrid_0047,hybrid_xiris,accept,1,0
hybrid_0048,hybrid_xiris,accept,1,0
hybrid_0049,hybrid_xiris,accept,1,0
hybrid_0050,hybrid_xiris,accept,1,0
hybrid_0051,hybrid_xiris,accept,1,0
hybrid_0052,hybrid_xiris,accept,1,0
hybrid_0053,hybrid_xiris,accept,1,0
hybrid_0054,hybrid_xiris,accept,1,0
hybrid_0055,hybrid_xiris,accept,1,0
hybrid_0056,hybrid_xiris,accept,1,0
hybrid_0057,hybrid_xiris,accept,1,0
hybrid_0058,hybrid_xiris,accept,1,0
hybrid_0059,hybrid_xiris,accept,1,0
hybrid_0060,hybrid_xiris,accept,1,0
hybrid_0061,hybrid_xiris,accept,1,0
hybrid_0062,hybrid_xiris,accept,1,0
hybrid_0063,hybrid_xiris,accept,1,0
hybrid_0064,hybrid_xiris,accept,1,0
hybrid_0065,hybrid_xiris,accept,1,0
hybrid_0066,hybrid_xiris,accept,1,0
hybrid_0067,hybrid_xiris,accept,1,0
hybrid_0068,hybrid_xiris,accept,1,0
hybrid_0069,hybrid_xiris,accept,1,0
hybrid_0070,hybrid_xiris,accept,1,0
hybrid_0071,hybrid_xiris,accept,1,0
hybrid_0072,hybrid_xiris,accept,1,0
hybrid_0073,hybrid_xiris,accept,1,0
hybrid_0074,hybrid_xiris,accept,1,0
hybrid_0075,hybrid_xiris,accept,1,0
hybrid_0076,hybrid_xiris,accept,1,0
hybrid_0077,hybrid_xiris,accept,1,0
hybrid_0078,hybrid_xiris,accept,1,0
hybrid_0079,hybrid_xiris,accept,1,0
hybrid_0080,hybrid_xiris,accept,1,0
hybrid_0081,hybrid_xiris,accept,1,0
hybrid_0082,hybrid_xiris,accept,1,0
hybrid_0083,hybrid_xiris,accept,1,0
hybrid_0084,hybrid_xiris,accept,1,0
hybrid_0085,hybrid_xiris,accept,1,0
hybrid_0086,hybrid_xiris,accept,1,0
hybrid_0087,hybrid_xiris,accept,1,0
hybrid_0088,hybrid_xiris,accept,1,0
hybrid_0089,hybrid_xiris,accept,1,0
hybrid_0090,hybrid_xiris,accept,1,0
hybrid_0091,hybrid_xiris,accept,1,0
hybrid_0092,hybrid_xiris,accept,1,0
hybrid_0093,hybrid_xiris,accept,1,0
hybrid_0094,hybrid_xiris,accept,1,0
hybrid_0095,hybrid_xiris,accept,1,0
hybrid_0096,hybrid_xiris,accept,1,0
hybrid_0097,hybrid_xiris,accept,1,0
hybrid_0098,hybrid_xiris,accept,1,0
hybrid_0099,hybrid_xiris,accept,1,0
hybrid_0100,hybrid_xiris,accept,1,0
hybrid_0101,hybrid_xiris,accept,1,0
hybrid_0102,hybrid_xiris,accept,1,0
hybrid_0103,hybrid_xiris,accept,1,0
hybrid_0104,hybrid_xiris,accept,1,0
hybrid_0105,hybrid_xiris,accept,1,0
hybrid_0106,hybrid_xiris,accept,1,0
hybrid_0107,hybrid_xiris,accept,1,0
hybrid_0108,hybrid_xiris,accept,1,0
hybrid_0109,hybrid_xiris,accept,1,0
hybrid_0110,hybrid_xiris,accept,1,0
hybrid_0111,hybrid_xiris,accept,1,0
hybrid_0112,hybrid_xiris,accept,1,0
hybrid_0113,hybrid_xiris,accept,1,0
hybrid_0114,hybrid_xiris,accept,1,0
hybrid_0115,hybrid_xiris,accept,1,0
hybrid_0116,hybrid_xiris,accept,1,0
hybrid_0117,hybrid_xiris,accept,1,0
hybrid_0118,hybrid_xiris,accept,1,0
hybrid_0119,hybrid_xiris,accept,1,0
hybrid_0120,hybrid_xiris,accept,1,0
hybrid_0121,hybrid_xiris,accept,1,0
hybrid_0122,hybrid_xiris,accept,1,0
hybrid_0123,hybrid_xiris,accept,1,0
hybrid_0124,hybrid_xiris,accept,1,0
hybrid_0125,hybrid_xiris,accept,1,0
hybrid_0126,hybrid_xiris,accept,1,0
hybrid_0127,hybrid_xiris,accept,1,0
hybrid_0128,hybrid_xiris,accept,1,0
hybrid_0129,hybrid_xiris,accept,1,0
hybrid_0130,hybrid_xiris,accept,1,0
hybrid_0131,hybrid_xiris,accept,1,0
hybrid_0132,hybrid_xiris,accept,1,0
hybrid_0133,hybrid_xiris,accept,1,0
hybrid_0134,hybrid_xiris,accept,1,0
hybrid_0135,hybrid_xiris,accept,1,0
hybrid_0136,hybrid_xiris,accept,1,0
hybrid_0137,hybrid_xiris,accept,1,0
hybrid_0138,hybrid_xiris,accept,1,0
hybrid_0139,hybrid_xiris,accept,1,0
hybrid_0140,hybrid_xiris,accept,1,0
hybrid_0141,hybrid_xiris,accept,1,0
hybrid_0142,hybrid_xiris,accept,1,0
hybrid_0143,hybrid_xiris,accept,1,0
hybrid_0144,hybrid_xiris,accept,1,0
hybrid_0145,hybrid_xiris,accept,1,0
hybrid_0146,hybrid_xiris,accept,1,0
hybrid_0147,hybrid_xiris,accept,1,0
hybrid_0148,hybrid_xiris,accept,1,0
hybrid_0149,hybrid_xiris,accept,1,0
hybrid_0150,hybrid_xiris,accept,1,0
hybrid_0151,hybrid_xiris,accept,1,0
hybrid_0152,hybrid_xiris,accept,1,0
hybrid_0153,hybrid_xiris,accept,1,0
hybrid_0154,hybrid_xiris,accept,1,0
hybrid_0155,hybrid_xiris,accept,1,0
hybrid_0156,hybrid_xiris,accept,1,0
hybrid_0157,hybrid_xiris,accept,1,0
hybrid_0158,hybrid_xiris,accept,1,0
hybrid_0159,hybrid_xiris,accept,1,0
hybrid_0160,hybrid_xiris,accept,1,0
hybrid_0161,hybrid_xiris,accept,1,0
hybrid_0162,hybrid_xiris,accept,1,0
hybrid_0163,hybrid_xiris,accept,1,0
hybrid_0164,hybrid_xiris,accept,1,0
hybrid_0165,hybrid_xiris,accept,1,0
hybrid_0166,hybrid_xiris,accept,1,0
hybrid_0167,hybrid_xiris,accept,1,0
hybrid_0168,hybrid_xiris,accept,1,0
hybrid_0169,hybrid_xiris,accept,0,0
hybrid_0170,hybrid_xiris,accept,0,0
hybrid_0171,hybrid_xiris,accept,0,0
hybrid_0172,hybrid_xiris,accept,0,0
hybrid_0173,hybrid_xiris,accept,0,0
hybrid_0174,hybrid_xiris,accept,0,0
hybrid_0175,hybrid_xiris,accept,0,0
hybrid_0176,hybrid_xiris,accept,0,0
hybrid_0177,hybrid_xiris,accept,0,0
hybrid_0178,hybrid_xiris,accept,0,0
hybrid_0179,hybrid_xiris,accept,0,0
hybrid_0180,hybrid_xiris,accept,0,0
hybrid_0181,hybrid_xiris,accept,0,0
hybrid_0182,hybrid_xiris,accept,0,0
hybrid_0183,hybrid_xiris,accept,0,0
hybrid_0184,hybrid_xiris,accept,0,0
hybrid_0185,hybrid_xiris,accept,0,0
hybrid_0186,hybrid_xiris,accept,0,0
hybrid_0187,hybrid_xiris,accept,0,0
hybrid_0188,hybrid_xiris,accept,0,0
hybrid_0189,hybrid_xiris,accept,0,0
hybrid_0190,hybrid_xiris,accept,0,0
hybrid_0191,hybrid_xiris,accept,0,0
hybrid_0192,hybrid_xiris,accept,0,0
hybrid_0193,hybrid_xiris,accept,0,0
hybrid_0194,hybrid_xiris,accept,0,0
hybrid_0195,hybrid_xiris,accept,0,0
hybrid_0196,hybrid_xiris,accept,0,0
hybrid_0197,hybrid_xiris,accept,0,0
hybrid_0198,hybrid_xiris,accept,0,0
hybrid_0199,hybrid_xiris,accept,0,0
hybrid_0200,hybrid_xiris,accept,0,0
hybrid_0201,hybrid_xiris,accept,0,0
hybrid_0202,hybrid_xiris,accept,0,0
hybrid_0203,hybrid_xiris,accept,0,0
hybrid_0204,hybrid_xiris,accept,0,0
hybrid_0205,hybrid_xiris,accept,0,0
hybrid_0206,hybrid_xiris,accept,0,0
hybrid_0207,hybrid_xiris,accept,0,0
hybrid_0208,hybrid_xiris,accept,0,0
hybrid_0209,hybrid_xiris,accept,0,0
hybrid_0210,hybrid_xiris,accept,0,0
hybrid_0211,hybrid_xiris,accept,0,0
hybrid_0212,hybrid_xiris,accept,0,0
hybrid_0213,hybrid_xiris,accept,0,0
hybrid_0214,hybrid_xiris,accept,0,0
hybrid_0215,hybrid_xiris,accept,0,0
hybrid_0216,hybrid_xiris,accept,0,0
hybrid_0217,hybrid_xiris,accept,0,0
hybrid_0218,hybrid_xiris,accept,0,0
hybrid_0219,hybrid_xiris,accept,0,0
hybrid_0220,hybrid_xiris,accept,0,0
hybrid_0221,hybrid_xiris,accept,0,0
hybrid_0222,hybrid_xiris,accept,0,0
hybrid_0223,hybrid_xiris,accept,0,0
hybrid_0224,hybrid_xiris,accept,0,0
hybrid_0225,hybrid_xiris,accept,0,0
hybrid_0226,hybrid_xiris,accept,0,0
hybrid_0227,hybrid_xiris,accept,0,0
hybrid_0228,hybrid_xiris,accept,0,0
hybrid_0229,hybrid_xiris,accept,0,0
hybrid_0230,hybrid_xiris,accept,0,0
hybrid_0231,hybrid_xiris,accept,0,0
hybrid_0232,hybrid_xiris,accept,0,0
hybrid_0233,hybrid_xiris,accept,0,0
hybrid_0234,hybrid_xiris,accept,0,0
hybrid_0235,hybrid_xiris,accept,0,0
hybrid_0236,hybrid_xiris,accept,0,0
hybrid_0237,hybrid_xiris,accept,0,0
hybrid_0238,hybrid_xiris,accept,0,0
hybrid_0239,hybrid_xiris,accept,0,0
hybrid_0240,hybrid_xiris,accept,0,0
hybrid_0241,hybrid_xiris,accept,0,0
hybrid_0242,hybrid_xiris,accept,0,0
hybrid_0243,hybrid_xiris,accept,0,0
hybrid_0244,hybrid_xiris,accept,0,0
hybrid_0245,hybrid_xiris,accept,0,0
hybrid_0246,hybrid_xiris,accept,0,0
hybrid_0247,hybrid_xiris,accept,0,0
hybrid_0248,hybrid_xiris,accept,0,0
hybrid_0249,hybrid_xiris,accept,0,0
hybrid_0250,hybrid_xiris,accept,0,0
hybrid_0251,hybrid_xiris,accept,0,0
hybrid_0252,hybrid_xiris,accept,0,0
hybrid_0253,hybrid_xiris,accept,0,0
hybrid_0254,hybrid_xiris,accept,0,0
hybrid_0255,hybrid_xiris,accept,0,0
hybrid_0256,hybrid_xiris,accept,0,0
hybrid_0257,hybrid_xiris,accept,0,0
hybrid_0258,hybrid_xiris,accept,0,0
hybrid_0259,hybrid_xiris,accept,0,0
hybrid_0260,hybrid_xiris,accept,0,0
hybrid_0261,hybrid_xiris,accept,0,0
hybrid_0262,hybrid_xiris,accept,0,0
hybrid_0263,hybrid_xiris,accept,0,0
hybrid_0264,hybrid_xiris,accept,0,0
hybrid_0265,hybrid_xiris,accept,0,0
hybrid_0266,hybrid_xiris,accept,0,0
hybrid_0267,hybrid_xiris,accept,0,0
hybrid_0268,hybrid_xiris,accept,0,0
hybrid_0269,hybrid_xiris,accept,0,0
hybrid_0270,hybrid_xiris,accept,0,0
hybrid_0271,hybrid_xiris,accept,0,0
hybrid_0272,hybrid_xiris,accept,0,0
hybrid_0273,hybrid_xiris,accept,0,0
hybrid_0274,hybrid_xiris,accept,0,0
hybrid_0275,hybrid_xiris,accept,0,0
hybrid_0276,hybrid_xiris,accept,0,0
hybrid_0277,hybrid_xiris,accept,0,0
hybrid_0278,hybrid_xiris,accept,0,0
hybrid_0279,hybrid_xiris,accept,0,0
hybrid_0280,hybrid_xiris,accept,0,0
hybrid_0281,hybrid_xiris,accept,0,0
hybrid_0282,hybrid_xiris,accept,0,0
hybrid_0283,hybrid_xiris,accept,0,0
hybrid_0284,hybrid_xiris,accept,0,0
hybrid_0285,hybrid_xiris,accept,0,0
hybrid_0286,hybrid_xiris,accept,0,0
hybrid_0287,hybrid_xiris,accept,0,0
hybrid_0288,hybrid_xiris,accept,0,0
hybrid_0289,hybrid_xiris,accept,0,0
hybrid_0290,hybrid_xiris,accept,0,0
hybrid_0291,hybrid_xiris,accept,0,0
hybrid_0292,hybrid_xiris,accept,0,0
hybrid_0293,hybrid_xiris,accept,0,0
hybrid_0294,hybrid_xiris,accept,0,0
hybrid_0295,hybrid_xiris,accept,0,0
hybrid_0296,hybrid_xiris,accept,0,0
hybrid_0297,hybrid_xiris,accept,0,0
hybrid_0298,hybrid_xiris,accept,0,0
hybrid_0299,hybrid_xiris,accept,0,0
hybrid_0300,hybrid_xiris,accept,0,0
hybrid_0301,hybrid_xiris,accept,0,0
hybrid_0302,hybrid_xiris,accept,0,0
hybrid_0303,hybrid_xiris,accept,0,0
hybrid_0304,hybrid_xiris,accept,0,0
hybrid_0305,hybrid_xiris,accept,0,0
hybrid_0306,hybrid_xiris,accept,0,0
hybrid_0307,hybrid_xiris,accept,0,0
hybrid_0308,hybrid_xiris,accept,0,0
hybrid_0309,hybrid_xiris,accept,0,0
hybrid_0310,hybrid_xiris,accept,0,0
hybrid_0311,hybrid_xiris,accept,0,0
hybrid_0312,hybrid_xiris,accept,0,0
hybrid_0313,hybrid_xiris,accept,0,0
hybrid_0314,hybrid_xiris,accept,0,0
hybrid_0315,hybrid_xiris,accept,0,0
hybrid_0316,hybrid_xiris,accept,0,0
hybrid_0317,hybrid_xiris,accept,0,0
hybrid_0318,hybrid_xiris,accept,0,0
hybrid_0319,hybrid_xiris,accept,0,0
hybrid_0320,hybrid_xiris,accept,0,0
hybrid_0321,hybrid_xiris,accept,0,0
hybrid_0322,hybrid_xiris,accept,0,0
hybrid_0323,hybrid_xiris,accept,0,0
hybrid_0324,hybrid_xiris,accept,0,0
hybrid_0325,hybrid_xiris,accept,0,0
hybrid_0326,hybrid_xiris,accept,0,0
hybrid_0327,hybrid_xiris,accept,0,0
hybrid_0328,hybrid_xiris,accept,0,0
hybrid_0329,hybrid_xiris,accept,0,0
hybrid_0330,hybrid_xiris,accept,0,0
hybrid_0331,hybrid_xiris,accept,0,0
hybrid_0332,hybrid_xiris,accept,0,0
hybrid_0333,hybrid_xiris,accept,0,0
hybrid_0334,hybrid_xiris,accept,0,0
hybrid_0335,hybrid_xiris,accept,0,0
hybrid_0336,hybrid_xiris,accept,0,0
hybrid_0337,hybrid_xiris,accept,0,0
hybrid_0338,hybrid_xiris,accept,0,0
hybrid_0339,hybrid_xiris,accept,0,0
hybrid_0340,hybrid_xiris,accept,0,0
hybrid_0341,hybrid_xiris,accept,0,0
hybrid_0342,hybrid_xiris,accept,0,0
hybrid_0343,hybrid_xiris,accept,0,0
hybrid_0344,hybrid_xiris,accept,0,0
hybrid_0345,hybrid_xiris,accept,0,0
hybrid_0346,hybrid_xiris,accept,0,0
hybrid_0347,hybrid_xiris,accept,0,0
hybrid_0348,hybrid_xiris,accept,0,0
hybrid_0349,hybrid_xiris,accept,0,0
hybrid_0350,hybrid_xiris,accept,0,0
hybrid_0351,hybrid_xiris,accept,0,0
hybrid_0352,hybrid_xiris,accept,0,0
hybrid_0353,hybrid_xiris,accept,0,0
hybrid_0354,hybrid_xiris,accept,0,0
hybrid_0355,hybrid_xiris,accept,0,0
hybrid_0356,hybrid_xiris,accept,0,0
hybrid_0357,hybrid_xiris,accept,0,0
hybrid_0358,hybrid_xiris,accept,0,0
hybrid_0359,hybrid_xiris,accept,0,0
hybrid_0360,hybrid_xiris,accept,0,0
hybrid_0361,hybrid_xiris,accept,0,0
hybrid_0362,hybrid_xiris,accept,0,0
hybrid_0363,hybrid_xiris,accept,0,0
hybrid_0364,hybrid_xiris,accept,0,0
hybrid_0365,hybrid_xiris,accept,0,0
hybrid_0366,hybrid_xiris,accept,0,0
hybrid_0367,hybrid_xiris,accept,0,0
hybrid_0368,hybrid_xiris,accept,0,0
hybrid_0369,hybrid_xiris,accept,0,0
hybrid_0370,hybrid_xiris,accept,0,0
hybrid_0371,hybrid_xiris,accept,0,0
hybrid_0372,hybrid_xiris,accept,0,0
hybrid_0373,hybrid_xiris,accept,0,0
hybrid_0374,hybrid_xiris,accept,0,0
hybrid_0375,hybrid_xiris,accept,0,0
hybrid_0376,hybrid_xiris,accept,0,0
hybrid_0377,hybrid_xiris,accept,0,0
hybrid_0378,hybrid_xiris,accept,0,0
hybrid_0379,hybrid_xiris,accept,0,0
hybrid_0380,hybrid_xiris,accept,0,0
hybrid_0381,hybrid_xiris,accept,0,0
hybrid_0382,hybrid_xiris,accept,0,0
hybrid_0383,hybrid_xiris,accept,0,0
hybrid_0384,hybrid_xiris,accept,0,0
hybrid_0385,hybrid_xiris,accept,0,0
hybrid_0386,hybrid_xiris,accept,0,0
hybrid_0387,hybrid_xiris,accept,0,0
hybrid_0388,hybrid_xiris,accept,0,0
hybrid_0389,hybrid_xiris,accept,0,0
hybrid_0390,hybrid_xiris,accept,0,0
hybrid_0391,hybrid_xiris,accept,0,0
hybrid_0392,hybrid_xiris,accept,0,0
hybrid_0393,hybrid_xiris,accept,0,0
hybrid_0394,hybrid_xiris,accept,0,0
hybrid_0395,hybrid_xiris,accept,0,0
hybrid_0396,hybrid_xiris,accept,0,0
hybrid_0397,hybrid_xiris,accept,0,0
hybrid_0398,hybrid_xiris,accept,0,0
hybrid_0399,hybrid_xiris,accept,0,0
hybrid_0400,hybrid_xiris,accept,0,0
hybrid_0401,hybrid_xiris,accept,0,0
hybrid_0402,hybrid_xiris,accept,0,0
hybrid_0403,hybrid_xiris,accept,0,0
hybrid_0404,hybrid_xiris,accept,0,0
hybrid_0405,hybrid_xiris,accept,0,0
hybrid_0406,hybrid_xiris,accept,0,0
hybrid_0407,hybrid_xiris,accept,0,0
hybrid_0408,hybrid_xiris,accept,0,0
hybrid_0409,hybrid_xiris,accept,0,0
hybrid_0410,hybrid_xiris,accept,0,0
hybrid_0411,hybrid_xiris,accept,0,0
hybrid_0412,hybrid_xiris,accept,0,0
hybrid_0413,hybrid_xiris,accept,0,0
hybrid_0414,hybrid_xiris,accept,0,0
hybrid_0415,hybrid_xiris,accept,0,0
hybrid_0416,hybrid_xiris,accept,0,0
hybrid_0417,hybrid_xiris,accept,0,0
hybrid_0418,hybrid_xiris,accept,0,0
hybrid_0419,hybrid_xiris,accept,0,0
hybrid_0420,hybrid_xiris,accept,0,0
hybrid_0421,hybrid_xiris,accept,0,0
hybrid_0422,hybrid_xiris,accept,0,0
hybrid_0423,hybrid_xiris,accept,0,0
hybrid_0424,hybrid_xiris,accept,0,0
hybrid_0425,hybrid_xiris,accept,0,0
hybrid_0426,hybrid_xiris,accept,0,0
hybrid_0427,hybrid_xiris,accept,0,0
hybrid_0428,hybrid_xiris,accept,0,0
hybrid_0429,hybrid_xiris,accept,0,0
hybrid_0430,hybrid_xiris,accept,0,0
hybrid_0431,hybrid_xiris,accept,0,0
hybrid_0432,hybrid_xiris,accept,0,0
hybrid_0433,hybrid_xiris,accept,0,0
hybrid_0434,hybrid_xiris,accept,0,0
hybrid_0435,hybrid_xiris,accept,0,0
hybrid_0436,hybrid_xiris,accept,0,0
hybrid_0437,hybrid_xiris,accept,0,0
hybrid_0438,hybrid_xiris,accept,0,0
hybrid_0439,hybrid_xiris,accept,0,0
hybrid_0440,hybrid_xiris,accept,0,0
hybrid_0441,hybrid_xiris,accept,0,0
hybrid_0442,hybrid_xiris,accept,0,0
hybrid_0443,hybrid_xiris,accept,0,0
hybrid_0444,hybrid_xiris,accept,0,0
hybrid_0445,hybrid_xiris,accept,0,0
hybrid_0446,hybrid_xiris,accept,0,0
hybrid_0447,hybrid_xiris,accept,0,0
hybrid_0448,hybrid_xiris,accept,0,0
hybrid_0449,hybrid_xiris,accept,0,0
hybrid_0450,hybrid_xiris,accept,0,0
hybrid_0451,hybrid_xiris,accept,0,0
hybrid_0452,hybrid_xiris,accept,0,0
hybrid_0453,hybrid_xiris,accept,0,0
hybrid_0454,hybrid_xiris,accept,0,0
hybrid_0455,hybrid_xiris,accept,0,0
hybrid_0456,hybrid_xiris,accept,0,0
hybrid_0457,hybrid_xiris,accept,0,0
hybrid_0458,hybrid_xiris,accept,0,0
hybrid_0459,hybrid_xiris,accept,0,0
hybrid_0460,hybrid_xiris,accept,0,0
hybrid_0461,hybrid_xiris,accept,0,0
hybrid_0462,hybrid_xiris,accept,0,0
hybrid_0463,hybrid_xiris,accept,0,0
hybrid_0464,hybrid_xiris,accept,0,0
hybrid_0465,hybrid_xiris,accept,0,0
hybrid_0466,hybrid_xiris,accept,0,0
hybrid_0467,hybrid_xiris,accept,0,0
hybrid_0468,hybrid_xiris,accept,0,0
hybrid_0469,hybrid_xiris,accept,0,0
hybrid_0470,hybrid_xiris,accept,0,0
hybrid_0471,hybrid_xiris,accept,0,0
hybrid_0472,hybrid_xiris,accept,0,0
hybrid_0473,hybrid_xiris,accept,0,0
hybrid_0474,hybrid_xiris,accept,0,0
hybrid_0475,hybrid_xiris,accept,0,0
hybrid_0476,hybrid_xiris,accept,0,0
hybrid_0477,hybrid_xiris,accept,0,0
hybrid_0478,hybrid_xiris,accept,0,0
hybrid_0479,hybrid_xiris,accept,0,0
hybrid_0480,hybrid_xiris,accept,0,0
hybrid_0481,hybrid_xiris,accept,0,0
hybrid_0482,hybrid_xiris,accept,0,0
hybrid_0483,hybrid_xiris,accept,0,0
hybrid_0484,hybrid_xiris,accept,0,0
hybrid_0485,hybrid_xiris,accept,0,0
hybrid_0486,hybrid_xiris,accept,0,0
hybrid_0487,hybrid_xiris,accept,0,0
hybrid_0488,hybrid_xiris,accept,0,0
hybrid_0489,hybrid_xiris,accept,0,0
hybrid_0490,hybrid_xiris,accept,0,0
hybrid_0491,hybrid_xiris,accept,0,0
hybrid_0492,hybrid_xiris,accept,0,0
hybrid_0493,hybrid_xiris,accept,0,0
hybrid_0494,hybrid_xiris,accept,0,0
hybrid_0495,hybrid_xiris,accept,0,0
hybrid_0496,hybrid_xiris,accept,0,0
hybrid_0497,hybrid_xiris,accept,0,0
hybrid_0498,hybrid_xiris,accept,0,0
hybrid_0499,hybrid_xiris,accept,0,0
hybrid_0500,hybrid_xiris,accept,0,0
hybrid_0501,hybrid_xiris,accept,0,0
hybrid_0502,hybrid_xiris,accept,0,0
hybrid_0503,hybrid_xiris,accept,0,0
hybrid_0504,hybrid_xiris,accept,0,0
hybrid_0505,hybrid_xiris,accept,0,0
hybrid_0506,hybrid_xiris,accept,0,0
hybrid_0507,hybrid_xiris,accept,0,0
hybrid_0508,hybrid_xiris,accept,0,0
hybrid_0509,hybrid_xiris,accept,0,0
hybrid_0510,hybrid_xiris,accept,0,0
hybrid_0511,hybrid_xiris,accept,0,0
hybrid_0512,hybrid_xiris,accept,0,0
hybrid_0513,hybrid_xiris,accept,0,0
hybrid_0514,hybrid_xiris,accept,0,0
hybrid_0515,hybrid_xiris,accept,0,0
hybrid_0516,hybrid_xiris,accept,0,0
hybrid_0517,hybrid_xiris,accept,0,0
hybrid_0518,hybrid_xiris,accept,0,0
hybrid_0519,hybrid_xiris,accept,0,0
hybrid_0520,hybrid_xiris,accept,0,0
hybrid_0521,hybrid_xiris,accept,0,0
hybrid_0522,hybrid_xiris,accept,0,0
hybrid_0523,hybrid_xiris,accept,0,0
hybrid_0524,hybrid_xiris,accept,0,0
hybrid_0525,hybrid_xiris,accept,0,0
hybrid_0526,hybrid_xiris,accept,0,0
hybrid_0527,hybrid_xiris,accept,0,0
hybrid_0528,hybrid_xiris,accept,0,0
hybrid_0529,hybrid_xiris,accept,0,0
hybrid_0530,hybrid_xiris,accept,0,0
hybrid_0531,hybrid_xiris,accept,0,0
hybrid_0532,hybrid_xiris,accept,0,0
hybrid_0533,hybrid_xiris,accept,0,0
hybrid_0534,hybrid_xiris,accept,0,0
hybrid_0535,hybrid_xiris,accept,0,0
hybrid_0536,hybrid_xiris,accept,0,0
hybrid_0537,hybrid_xiris,accept,0,0
hybrid_0538,hybrid_xiris,accept,0,0
hybrid_0539,hybrid_xiris,accept,0,0
hybrid_0540,hybrid_xiris,accept,0,0
hybrid_0541,hybrid_xiris,accept,0,0
hybrid_0542,hybrid_xiris,accept,0,0
hybrid_0543,hybrid_xiris,accept,0,0
hybrid_0544,hybrid_xiris,accept,0,0
hybrid_0545,hybrid_xiris,accept,0,0
hybrid_0546,hybrid_xiris,accept,0,0
hybrid_0547,hybrid_xiris,accept,0,0
hybrid_0548,hybrid_xiris,accept,0,0
hybrid_0549,hybrid_xiris,accept,0,0
hybrid_0550,hybrid_xiris,accept,0,0
hybrid_0551,hybrid_xiris,accept,0,0
hybrid_0552,hybrid_xiris,accept,0,0
hybrid_0553,hybrid_xiris,accept,0,0
hybrid_0554,hybrid_xiris,accept,0,0
hybrid_0555,hybrid_xiris,accept,0,0
hybrid_0556,hybrid_xiris,accept,0,0
hybrid_0557,hybrid_xiris,accept,0,0
hybrid_0558,hybrid_xiris,accept,0,0
hybrid_0559,hybrid_xiris,accept,0,0
hybrid_0560,hybrid_xiris,accept,0,0
hybrid_0561,hybrid_xiris,accept,0,0
hybrid_0562,hybrid_xiris,accept,0,0
hybrid_0563,hybrid_xiris,accept,0,0
hybrid_0564,hybrid_xiris,accept,0,0
hybrid_0565,hybrid_xiris,accept,0,0
hybrid_0566,hybrid_xiris,accept,0,0
hybrid_0567,hybrid_xiris,accept,0,0
hybrid_0568,hybrid_xiris,accept,0,0
hybrid_0569,hybrid_xiris,accept,0,0
hybrid_0570,hybrid_xiris,accept,0,0
hybrid_0571,hybrid_xiris,accept,0,0
hybrid_0572,hybrid_xiris,accept,0,0
hybrid_0573,hybrid_xiris,accept,0,0
hybrid_0574,hybrid_xiris,accept,0,0
hybrid_0575,hybrid_xiris,accept,0,0
hybrid_0576,hybrid_xiris,accept,0,0
hybrid_0577,hybrid_xiris,accept,0,0
hybrid_0578,hybrid_xiris,accept,0,0
hybrid_0579,hybrid_xiris,accept,0,0
hybrid_0580,hybrid_xiris,accept,0,0
hybrid_0581,hybrid_xiris,accept,0,0
hybrid_0582,hybrid_xiris,accept,0,0
hybrid_0583,hybrid_xiris,accept,0,0
hybrid_0584,hybrid_xiris,accept,0,0
hybrid_0585,hybrid_xiris,accept,0,0
hybrid_0586,hybrid_xiris,accept,0,0
hybrid_0587,hybrid_xiris,accept,0,0
hybrid_0588,hybrid_xiris,accept,0,0
hybrid_0589,hybrid_xiris,accept,0,0
hybrid_0590,hybrid_xiris,accept,0,0
hybrid_0591,hybrid_xiris,accept,0,0
hybrid_0592,hybrid_xiris,accept,0,0
hybrid_0593,hybrid_xiris,accept,0,0
hybrid_0594,hybrid_xiris,accept,0,0
hybrid_0595,hybrid_xiris,accept,0,0
hybrid_0596,hybrid_xiris,accept,0,0
hybrid_0597,hybrid_xiris,accept,0,0
hybrid_0598,hybrid_xiris,accept,0,0
hybrid_0599,hybrid_xiris,accept,0,0
hybrid_0600,hybrid_xiris,accept,0,0
hybrid_0601,hybrid_xiris,accept,0,0
hybrid_0602,hybrid_xiris,accept,0,0
hybrid_0603,hybrid_xiris,accept,0,0
hybrid_0604,hybrid_xiris,accept,0,0
hybrid_0605,hybrid_xiris,accept,0,0
hybrid_0606,hybrid_xiris,accept,0,0
hybrid_0607,hybrid_xiris,accept,0,0
hybrid_0608,hybrid_xiris,accept,0,0
hybrid_0609,hybrid_xiris,accept,0,0
hybrid_0610,hybrid_xiris,accept,0,0
hybrid_0611,hybrid_xiris,accept,0,0
hybrid_0612,hybrid_xiris,accept,0,0
hybrid_0613,hybrid_xiris,lower_confidence,0,0
hybrid_0614,hybrid_xiris,lower_confidence,0,0
hybrid_0615,hybrid_xiris,lower_confidence,0,0
hybrid_0616,hybrid_xiris,lower_confidence,0,0
hybrid_0617,hybrid_xiris,lower_confidence,0,0
hybrid_0618,hybrid_xiris,lower_confidence,0,0
hybrid_0619,hybrid_xiris,lower_confidence,0,0
hybrid_0620,hybrid_xiris,lower_confidence,0,0
hybrid_0621,hybrid_xiris,lower_confidence,0,0
hybrid_0622,hybrid_xiris,lower_confidence,0,0
hybrid_0623,hybrid_xiris,lower_confidence,0,0
hybrid_0624,hybrid_xiris,lower_confidence,0,0
hybrid_0625,hybrid_xiris,lower_confidence,0,0
hybrid_0626,hybrid_xiris,lower_confidence,0,0
hybrid_0627,hybrid_xiris,lower_confidence,0,0
hybrid_0628,hybrid_xiris,lower_confidence,0,0
hybrid_0629,hybrid_xiris,lower_confidence,0,0
hybrid_0630,hybrid_xiris,lower_confidence,0,0
hybrid_0631,hybrid_xiris,lower_confidence,0,0
hybrid_0632,hybrid_xiris,lower_confidence,0,0
hybrid_0633,hybrid_xiris,lower_confidence,0,0
hybrid_0634,hybrid_xiris,lower_confidence,0,0
hybrid_0635,hybrid_xiris,lower_confidence,0,0
hybrid_0636,hybrid_xiris,lower_confidence,0,0
hybrid_0637,hybrid_xiris,lower_confidence,0,0
hybrid_0638,hybrid_xiris,lower_confidence,0,0
hybrid_0639,hybrid_xiris,lower_confidence,0,0
hybrid_0640,hybrid_xiris,lower_confidence,0,0
hybrid_0641,hybrid_xiris,lower_confidence,0,0
hybrid_0642,hybrid_xiris,lower_confidence,0,0
hybrid_0643,hybrid_xiris,lower_confidence,0,0
hybrid_0644,hybrid_xiris,lower_confidence,0,0
hybrid_0645,hybrid_xiris,lower_confidence,0,0
hybrid_0646,hybrid_xiris,lower_confidence,0,0
hybrid_0647,hybrid_xiris,lower_confidence,0,0
hybrid_0648,hybrid_xiris,lower_confidence,0,0
hybrid_0649,hybrid_xiris,lower_confidence,0,0
hybrid_0650,hybrid_xiris,lower_confidence,0,0
hybrid_0651,hybrid_xiris,lower_confidence,0,0
hybrid_0652,hybrid_xiris,lower_confidence,0,0
hybrid_0653,hybrid_xiris,lower_confidence,0,0
hybrid_0654,hybrid_xiris,lower_confidence,0,0
hybrid_0655,hybrid_xiris,lower_confidence,0,0
hybrid_0656,hybrid_xiris,lower_confidence,0,0
hybrid_0657,hybrid_xiris,lower_confidence,0,0
hybrid_0658,hybrid_xiris,lower_confidence,0,0
hybrid_0659,hybrid_xiris,lower_confidence,0,0
hybrid_0660,hybrid_xiris,lower_confidence,0,0
hybrid_0661,hybrid_xiris,lower_confidence,0,0
hybrid_0662,hybrid_xiris,lower_confidence,0,0
hybrid_0663,hybrid_xiris,lower_confidence,0,0
hybrid_0664,hybrid_xiris,lower_confidence,0,0
hybrid_0665,hybrid_xiris,lower_confidence,0,0
hybrid_0666,hybrid_xiris,lower_confidence,0,0
hybrid_0667,hybrid_xiris,lower_confidence,0,0
hybrid_0668,hybrid_xiris,lower_confidence,0,0
hybrid_0669,hybrid_xiris,lower_confidence,0,0
hybrid_0670,hybrid_xiris,lower_confidence,0,0
hybrid_0671,hybrid_xiris,lower_confidence,0,0
hybrid_0672,hybrid_xiris,lower_confidence,0,0
hybrid_0673,hybrid_xiris,lower_confidence,0,0
hybrid_0674,hybrid_xiris,lower_confidence,0,0
hybrid_0675,hybrid_xiris,lower_confidence,0,0
hybrid_0676,hybrid_xiris,lower_confidence,0,0
hybrid_0677,hybrid_xiris,lower_confidence,0,0
hybrid_0678,hybrid_xiris,lower_confidence,0,0
hybrid_0679,hybrid_xiris,lower_confidence,0,0
hybrid_0680,hybrid_xiris,lower_confidence,0,0
hybrid_0681,hybrid_xiris,lower_confidence,0,0
hybrid_0682,hybrid_xiris,lower_confidence,0,0
hybrid_0683,hybrid_xiris,lower_confidence,0,0
hybrid_0684,hybrid_xiris,lower_confidence,0,0
hybrid_0685,hybrid_xiris,lower_confidence,0,0
hybrid_0686,hybrid_xiris,lower_confidence,0,0
hybrid_0687,hybrid_xiris,lower_confidence,0,0
hybrid_0688,hybrid_xiris,lower_confidence,0,0
hybrid_0689,hybrid_xiris,lower_confidence,0,0
hybrid_0690,hybrid_xiris,lower_confidence,0,0
hybrid_0691,hybrid_xiris,lower_confidence,0,0
hybrid_0692,hybrid_xiris,lower_confidence,0,0
hybrid_0693,hybrid_xiris,lower_confidence,0,0
hybrid_0694,hybrid_xiris,lower_confidence,0,0
hybrid_0695,hybrid_xiris,lower_confidence,0,0
hybrid_0696,hybrid_xiris,lower_confidence,0,0
hybrid_0697,hybrid_xiris,lower_confidence,0,0
hybrid_0698,hybrid_xiris,lower_confidence,0,0
hybrid_0699,hybrid_xiris,lower_confidence,0,0
hybrid_0700,hybrid_xiris,lower_confidence,0,0
hybrid_0701,hybrid_xiris,lower_confidence,0,0
hybrid_0702,hybrid_xiris,lower_confidence,0,0
hybrid_0703,hybrid_xiris,lower_confidence,0,0
hybrid_0704,hybrid_xiris,lower_confidence,0,0
hybrid_0705,hybrid_xiris,lower_confidence,0,0
hybrid_0706,hybrid_xiris,lower_confidence,0,0
hybrid_0707,hybrid_xiris,lower_confidence,0,0
hybrid_0708,hybrid_xiris,lower_confidence,0,0
hybrid_0709,hybrid_xiris,lower_confidence,0,0
hybrid_0710,hybrid_xiris,lower_confidence,0,0
hybrid_0711,hybrid_xiris,lower_confidence,0,0
hybrid_0712,hybrid_xiris,lower_confidence,0,0
hybrid_0713,hybrid_xiris,lower_confidence,0,0
hybrid_0714,hybrid_xiris,lower_confidence,0,0
hybrid_0715,hybrid_xiris,lower_confidence,0,0
hybrid_0716,hybrid_xiris,lower_confidence,0,0
hybrid_0717,hybrid_xiris,lower_confidence,0,0
hybrid_0718,hybrid_xiris,lower_confidence,0,0
hybrid_0719,hybrid_xiris,lower_confidence,0,0
hybrid_0720,hybrid_xiris,lower_confidence,0,0
hybrid_0721,hybrid_xiris,lower_confidence,0,0
hybrid_0722,hybrid_xiris,lower_confidence,0,0
hybrid_0723,hybrid_xiris,lower_confidence,0,0
hybrid_0724,hybrid_xiris,lower_confidence,0,0
hybrid_0725,hybrid_xiris,lower_confidence,0,0
hybrid_0726,hybrid_xiris,lower_confidence,0,0
hybrid_0727,hybrid_xiris,lower_confidence,0,0
hybrid_0728,hybrid_xiris,lower_confidence,0,0
hybrid_0729,hybrid_xiris,lower_confidence,0,0
hybrid_0730,hybrid_xiris,lower_confidence,0,0
hybrid_0731,hybrid_xiris,lower_confidence,0,0
hybrid_0732,hybrid_xiris,lower_confidence,0,0
hybrid_0733,hybrid_xiris,lower_confidence,0,0
hybrid_0734,hybrid_xiris,lower_confidence,0,0
hybrid_0735,hybrid_xiris,lower_confidence,0,0
hybrid_0736,hybrid_xiris,lower_confidence,0,0
hybrid_0737,hybrid_xiris,lower_confidence,0,0
hybrid_0738,hybrid_xiris,lower_confidence,0,0
hybrid_0739,hybrid_xiris,lower_confidence,0,0
hybrid_0740,hybrid_xiris,lower_confidence,0,0
hybrid_0741,hybrid_xiris,lower_confidence,0,0
hybrid_0742,hybrid_xiris,lower_confidence,0,0
hybrid_0743,hybrid_xiris,lower_confidence,0,0
hybrid_0744,hybrid_xiris,lower_confidence,0,0
hybrid_0745,hybrid_xiris,lower_confidence,0,0
hybrid_0746,hybrid_xiris,lower_confidence,0,0
hybrid_0747,hybrid_xiris,lower_confidence,0,0
hybrid_0748,hybrid_xiris,lower_confidence,0,0
hybrid_0749,hybrid_xiris,lower_confidence,0,0
hybrid_0750,hybrid_xiris,lower_confidence,0,0
hybrid_0751,hybrid_xiris,lower_confidence,0,0
hybrid_0752,hybrid_xiris,lower_confidence,0,0
hybrid_0753,hybrid_xiris,lower_confidence,0,0
hybrid_0754,hybrid_xiris,lower_confidence,0,0
hybrid_0755,hybrid_xiris,lower_confidence,0,0
hybrid_0756,hybrid_xiris,lower_confidence,0,0
hybrid_0757,hybrid_xiris,lower_confidence,0,0
hybrid_0758,hybrid_xiris,lower_confidence,0,0
hybrid_0759,hybrid_xiris,lower_confidence,0,0
hybrid_0760,hybrid_xiris,lower_confidence,0,0
hybrid_0761,hybrid_xiris,lower_confidence,0,0
hybrid_0762,hybrid_xiris,lower_confidence,0,0
hybrid_0763,hybrid_xiris,lower_confidence,0,0
hybrid_0764,hybrid_xiris,lower_confidence,0,0
hybrid_0765,hybrid_xiris,lower_confidence,0,0
hybrid_0766,hybrid_xiris,lower_confidence,0,0
hybrid_0767,hybrid_xiris,lower_confidence,0,0
hybrid_0768,hybrid_xiris,lower_confidence,0,0
hybrid_0769,hybrid_xiris,lower_confidence,0,0
hybrid_0770,hybrid_xiris,lower_confidence,0,0
hybrid_0771,hybrid_xiris,lower_confidence,0,0
hybrid_0772,hybrid_xiris,lower_confidence,0,0
hybrid_0773,hybrid_xiris,lower_confidence,0,0
hybrid_0774,hybrid_xiris,lower_confidence,0,0
hybrid_0775,hybrid_xiris,lower_confidence,0,0
hybrid_0776,hybrid_xiris,lower_confidence,0,0
hybrid_0777,hybrid_xiris,lower_confidence,0,0
hybrid_0778,hybrid_xiris,lower_confidence,0,0
hybrid_0779,hybrid_xiris,lower_confidence,0,0
hybrid_0780,hybrid_xiris,lower_confidence,0,0
hybrid_0781,hybrid_xiris,lower_confidence,0,0
hybrid_0782,hybrid_xiris,lower_confidence,0,0
hybrid_0783,hybrid_xiris,lower_confidence,0,0
hybrid_0784,hybrid_xiris,lower_confidence,0,0
hybrid_0785,hybrid_xiris,lower_confidence,0,0
hybrid_0786,hybrid_xiris,lower_confidence,0,0
hybrid_0787,hybrid_xiris,lower_confidence,0,0
hybrid_0788,hybrid_xiris,lower_confidence,0,0
hybrid_0789,hybrid_xiris,lower_confidence,0,0
hybrid_0790,hybrid_xiris,lower_confidence,0,0
hybrid_0791,hybrid_xiris,lower_confidence,0,0
hybrid_0792,hybrid_xiris,lower_confidence,0,0
hybrid_0793,hybrid_xiris,lower_confidence,0,0
hybrid_0794,hybrid_xiris,lower_confidence,0,0
hybrid_0795,hybrid_xiris,lower_confidence,0,0
hybrid_0796,hybrid_xiris,lower_confidence,0,0
hybrid_0797,hybrid_xiris,lower_confidence,0,0
hybrid_0798,hybrid_xiris,lower_confidence,0,0
hybrid_0799,hybrid_xiris,lower_confidence,0,0
hybrid_0800,hybrid_xiris,lower_confidence,0,0
hybrid_0801,hybrid_xiris,lower_confidence,0,0
hybrid_0802,hybrid_xiris,lower_confidence,0,0
hybrid_0803,hybrid_xiris,lower_confidence,0,0
hybrid_0804,hybrid_xiris,lower_confidence,0,0
hybrid_0805,hybrid_xiris,lower_confidence,0,0
hybrid_0806,hybrid_xiris,lower_confidence,0,0
hybrid_0807,hybrid_xiris,lower_confidence,0,0
hybrid_0808,hybrid_xiris,lower_confidence,0,0
hybrid_0809,hybrid_xiris,lower_confidence,0,0
hybrid_0810,hybrid_xiris,lower_confidence,0,0
hybrid_0811,hybrid_xiris,lower_confidence,0,0
hybrid_0812,hybrid_xiris,lower_confidence,0,0
hybrid_0813,hybrid_xiris,lower_confidence,0,0
hybrid_0814,hybrid_xiris,block,0,0
hybrid_0815,hybrid_xiris,block,0,0
hybrid_0816,hybrid_xiris,block,0,0
hybrid_0817,hybrid_xiris,block,0,0
hybrid_0818,hybrid_xiris,block,0,0
hybrid_0819,hybrid_xiris,block,0,0
hybrid_0820,hybrid_xiris,block,0,0
hybrid_0821,hybrid_xiris,block,0,0
hybrid_0822,hybrid_xiris,block,0,0
hybrid_0823,hybrid_xiris,block,0,0
hybrid_0824,hybrid_xiris,block,0,0
hybrid_0825,hybrid_xiris,block,0,0
hybrid_0826,hybrid_xiris,block,0,0
hybrid_0827,hybrid_xiris,block,0,0
hybrid_0828,hybrid_xiris,block,0,0
hybrid_0829,hybrid_xiris,block,0,0
hybrid_0830,hybrid_xiris,block,0,0
hybrid_0831,hybrid_xiris,block,0,0
hybrid_0832,hybrid_xiris,block,0,0
hybrid_0833,hybrid_xiris,block,0,0
hybrid_0834,hybrid_xiris,block,0,0
hybrid_0835,hybrid_xiris,block,0,0
hybrid_0836,hybrid_xiris,block,0,0
hybrid_0837,hybrid_xiris,block,0,0
hybrid_0838,hybrid_xiris,block,0,0
hybrid_0839,hybrid_xiris,block,0,0
hybrid_0840,hybrid_xiris,block,0,0
hybrid_0841,hybrid_xiris,block,0,0
hybrid_0842,hybrid_xiris,block,0,0
hybrid_0843,hybrid_xiris,block,0,0
hybrid_0844,hybrid_xiris,block,0,0
hybrid_0845,hybrid_xiris,block,0,0
hybrid_0846,hybrid_xiris,block,0,0
hybrid_0847,hybrid_xiris,block,0,0
hybrid_0848,hybrid_xiris,block,0,0
hybrid_0849,hybrid_xiris,block,0,0
hybrid_0850,hybrid_xiris,block,0,0
hybrid_0851,hybrid_xiris,block,0,0
hybrid_0852,hybrid_xiris,block,0,0
hybrid_0853,hybrid_xiris,block,0,0
hybrid_0854,hybrid_xiris,block,0,0
hybrid_0855,hybrid_xiris,block,0,0
hybrid_0856,hybrid_xiris,block,0,0
hybrid_0857,hybrid_xiris,block,0,0
hybrid_0858,hybrid_xiris,block,0,0
hybrid_0859,hybrid_xiris,block,0,0
hybrid_0860,hybrid_xiris,block,0,0
hybrid_0861,hybrid_xiris,block,0,0
hybrid_0862,hybrid_xiris,block,0,0
hybrid_0863,hybrid_xiris,block,0,0
hybrid_0864,hybrid_xiris,block,0,0
hybrid_0865,hybrid_xiris,block,0,0
hybrid_0866,hybrid_xiris,block,0,0
hybrid_0867,hybrid_xiris,block,0,0
hybrid_0868,hybrid_xiris,block,0,0
hybrid_0869,hybrid_xiris,block,0,0
hybrid_0870,hybrid_xiris,block,0,0
hybrid_0871,hybrid_xiris,block,0,0
hybrid_0872,hybrid_xiris,block,0,0
hybrid_0873,hybrid_xiris,block,0,0
hybrid_0874,hybrid_xiris,block,0,0
hybrid_0875,hybrid_xiris,block,0,0
hybrid_0876,hybrid_xiris,block,0,0
hybrid_0877,hybrid_xiris,block,0,0
hybrid_0878,hybrid_xiris,block,0,0
hybrid_0879,hybrid_xiris,block,0,0
hybrid_0880,hybrid_xiris,block,0,0
hybrid_0881,hybrid_xiris,block,0,0
hybrid_0882,hybrid_xiris,block,0,0
hybrid_0883,hybrid_xiris,block,0,0
hybrid_0884,hybrid_xiris,block,0,0
hybrid_0885,hybrid_xiris,block,0,0
hybrid_0886,hybrid_xiris,block,0,0
hybrid_0887,hybrid_xiris,block,0,0
hybrid_0888,hybrid_xiris,block,0,0
hybrid_0889,hybrid_xiris,block,0,0
hybrid_0890,hybrid_xiris,block,0,0
hybrid_0891,hybrid_xiris,block,0,0
hybrid_0892,hybrid_xiris,block,0,0
hybrid_0893,hybrid_xiris,block,0,0
hybrid_0894,hybrid_xiris,block,0,0
hybrid_0895,hybrid_xiris,block,0,0
hybrid_0896,hybrid_xiris,block,0,0
hybrid_0897,hybrid_xiris,block,0,0
hybrid_0898,hybrid_xiris,block,0,0
hybrid_0899,hybrid_xiris,block,0,0
hybrid_0900,hybrid_xiris,block,0,0
hybrid_0901,hybrid_xiris,block,0,0
hybrid_0902,hybrid_xiris,block,0,0
hybrid_0903,hybrid_xiris,block,0,0
hybrid_0904,hybrid_xiris,block,0,0
hybrid_0905,hybrid_xiris,block,0,0
hybrid_0906,hybrid_xiris,block,0,0
hybrid_0907,hybrid_xiris,block,0,0
hybrid_0908,hybrid_xiris,block,0,0
hybrid_0909,hybrid_xiris,block,0,0
hybrid_0910,hybrid_xiris,block,0,0
hybrid_0911,hybrid_xiris,block,0,0
hybrid_0912,hybrid_xiris,block,0,0
hybrid_0913,hybrid_xiris,block,0,0
hybrid_0914,hybrid_xiris,block,0,0
hybrid_0915,hybrid_xiris,block,0,0
hybrid_0916,hybrid_xiris,block,0,0
hybrid_0917,hybrid_xiris,block,0,0
hybrid_0918,hybrid_xiris,block,0,0
hybrid_0919,hybrid_xiris,block,0,0
hybrid_0920,hybrid_xiris,block,0,0
hybrid_0921,hybrid_xiris,block,0,0
hybrid_0922,hybrid_xiris,block,0,0
hybrid_0923,hybrid_xiris,block,0,0
hybrid_0924,hybrid_xiris,block,0,0
hybrid_0925,hybrid_xiris,block,0,0
hybrid_0926,hybrid_xiris,block,0,0
hybrid_0927,hybrid_xiris,block,0,0
hybrid_0928,hybrid_xiris,block,0,0
hybrid_0929,hybrid_xiris,block,0,0
hybrid_0930,hybrid_xiris,block,0,0
hybrid_0931,hybrid_xiris,block,0,0
hybrid_0932,hybrid_xiris,block,0,0
hybrid_0933,hybrid_xiris,block,0,0
hybrid_0934,hybrid_xiris,block,0,0
hybrid_0935,hybrid_xiris,block,0,0
hybrid_0936,hybrid_xiris,block,0,0
hybrid_0937,hybrid_xiris,block,0,0
hybrid_0938,hybrid_xiris,block,0,0
hybrid_0939,hybrid_xiris,block,0,0
hybrid_0940,hybrid_xiris,block,0,0
hybrid_0941,hybrid_xiris,block,0,0
hybrid_0942,hybrid_xiris,block,0,0
hybrid_0943,hybrid_xiris,block,0,0
hybrid_0944,hybrid_xiris,block,0,0
hybrid_0945,hybrid_xiris,block,0,0
hybrid_0946,hybrid_xiris,block,0,0
hybrid_0947,hybrid_xiris,block,0,0
hybrid_0948,hybrid_xiris,block,0,0
hybrid_0949,hybrid_xiris,block,0,0
hybrid_0950,hybrid_xiris,block,0,0
hybrid_0951,hybrid_xiris,block,0,0
hybrid_0952,hybrid_xiris,block,0,0
hybrid_0953,hybrid_xiris,block,0,0
hybrid_0954,hybrid_xiris,block,0,0
hybrid_0955,hybrid_xiris,block,0,0
hybrid_0956,hybrid_xiris,block,0,0
hybrid_0957,hybrid_xiris,block,0,0
hybrid_0958,hybrid_xiris,block,0,0
hybrid_0959,hybrid_xiris,block,0,0
hybrid_0960,hybrid_xiris,block,0,0
hybrid_0961,hybrid_xiris,block,0,0
hybrid_0962,hybrid_xiris,block,0,0
hybrid_0963,hybrid_xiris,block,0,0
hybrid_0964,hybrid_xiris,block,0,0
hybrid_0965,hybrid_xiris,block,0,0
hybrid_0966,hybrid_xiris,block,0,0
hybrid_0967,hybrid_xiris,block,0,0
hybrid_0968,hybrid_xiris,block,0,0
hybrid_0969,hybrid_xiris,block,0,0
hybrid_0970,hybrid_xiris,block,0,0
hybrid_0971,hybrid_xiris,block,0,0
hybrid_0972,hybrid_xiris,block,0,0
hybrid_0973,hybrid_xiris,block,0,0
hybrid_0974,hybrid_xiris,block,0,0
hybrid_0975,hybrid_xiris,block,0,0
hybrid_0976,hybrid_xiris,block,0,0
hybrid_0977,hybrid_xiris,block,0,0
hybrid_0978,hybrid_xiris,block,0,0
hybrid_0979,hybrid_xiris,block,0,0
hybrid_0980,hybrid_xiris,block,0,0
hybrid_0981,hybrid_xiris,block,0,0
hybrid_0982,hybrid_xiris,block,0,0
hybrid_0983,hybrid_xiris,block,0,0
hybrid_0984,hybrid_xiris,block,0,0
hybrid_0985,hybrid_xiris,block,0,0
hybrid_0986,hybrid_xiris,block,0,0
hybrid_0987,hybrid_xiris,block,0,0
hybrid_0988,hybrid_xiris,block,0,0
hybrid_0989,hybrid_xiris,block,0,0
hybrid_0990,hybrid_xiris,block,0,0
hybrid_0991,hybrid_xiris,block,0,0
hybrid_0992,hybrid_xiris,block,0,0
hybrid_0993,hybrid_xiris,block,0,0
hybrid_0994,hybrid_xiris,block,0,0
hybrid_0995,hybrid_xiris,block,0,0
hybrid_0996,hybrid_xiris,block,0,0
hybrid_0997,hybrid_xiris,block,0,0
hybrid_0998,hybrid_xiris,block,0,0
hybrid_0999,hybrid_xiris,block,0,0
hybrid_1000,hybrid_xiris,block,0,0
